review_id,review_text,rating,date
watch_0001,"Battery lasts a week, impressive",5,2025-09-10
watch_0002,Screen scratches very easily,2,2025-01-10
watch_0003,Straps cause skin irritation,1,2025-03-23
watch_0004,Charging cable is too short,1,2025-02-02
watch_0005,Battery life is terrible,2,2025-03-03
watch_0006,Alarm and timer features are great,4,2025-06-24
watch_0007,Display is bright and clear,5,2025-10-13
watch_0008,Heart rate monitor is inaccurate,3,2025-09-21
watch_0009,"Battery lasts a week, impressive",5,2025-08-13
watch_0010,"Battery lasts a week, impressive",5,2025-11-09
watch_0011,"Battery lasts a week, impressive",5,2025-01-22
watch_0012,Notifications work perfectly,5,2025-04-16
watch_0013,Notifications work perfectly,5,2025-12-29
watch_0014,Good value for the price,5,2025-02-20
watch_0015,Sync with phone keeps failing,1,2025-03-12
watch_0016,Screen scratches very easily,1,2025-08-01
watch_0017,Display is bright and clear,4,2025-08-31
watch_0018,Charging cable is too short,1,2025-05-17
watch_0019,Buttons are stiff and hard to press,1,2025-11-19
watch_0020,Notifications work perfectly,5,2025-09-29
watch_0021,"Love the design, looks premium",4,2025-08-08
watch_0022,Touchscreen is laggy and slow,3,2025-09-22
watch_0023,Sleep tracking is useful and accurate,5,2025-08-15
watch_0024,"Battery drains fast, needs daily charge",2,2025-09-22
watch_0025,"Battery lasts a week, impressive",4,2025-07-25
watch_0026,Notifications work perfectly,5,2025-07-21
watch_0027,Best fitness tracker I have used,5,2025-03-19
watch_0028,Display is bright and clear,5,2025-12-05
watch_0029,GPS tracking is very accurate,5,2025-12-15
watch_0030,GPS tracking is very accurate,5,2025-06-10
watch_0031,Display is bright and clear,5,2025-09-28
watch_0032,Notifications work perfectly,5,2025-08-17
watch_0033,Good value for the price,5,2025-11-13
watch_0034,Accurate during workouts,4,2025-11-29
watch_0035,Screen scratches very easily,3,2025-02-13
watch_0036,Sync with phone keeps failing,1,2025-03-06
watch_0037,Good value for the price,4,2025-02-17
watch_0038,GPS tracking is very accurate,5,2025-11-22
watch_0039,"Battery drains fast, needs daily charge",3,2025-10-04
watch_0040,"Love the design, looks premium",5,2025-06-05
watch_0041,Good value for the price,4,2025-01-31
watch_0042,GPS tracking is very accurate,5,2025-07-01
watch_0043,Buttons are stiff and hard to press,2,2025-03-05
watch_0044,Fast charging is very convenient,5,2025-08-21
watch_0045,Screen scratches very easily,3,2025-10-25
watch_0046,Best fitness tracker I have used,5,2025-11-01
watch_0047,Straps cause skin irritation,1,2025-10-21
watch_0048,Accurate during workouts,4,2025-05-07
watch_0049,Charging cable is too short,2,2025-07-04
watch_0050,Notifications work perfectly,5,2025-07-30
watch_0051,"Battery drains fast, needs daily charge",1,2025-03-08
watch_0052,Alarm and timer features are great,4,2025-12-13
watch_0053,Fast charging is very convenient,5,2025-07-22
watch_0054,Fast charging is very convenient,5,2025-08-05
watch_0055,Accurate during workouts,5,2025-09-08
watch_0056,Water resistance works well,5,2025-03-15
watch_0057,Alarm and timer features are great,5,2025-03-08
watch_0058,Good value for the price,5,2025-03-02
watch_0059,Alarm and timer features are great,5,2025-03-22
watch_0060,Sleep tracking is useful and accurate,5,2025-03-02
watch_0061,Water resistance works well,4,2025-07-09
watch_0062,Display is bright and clear,5,2025-03-02
watch_0063,Sync with phone keeps failing,1,2025-09-06
watch_0064,Heart rate monitor is inaccurate,1,2025-10-29
watch_0065,GPS tracking is very accurate,5,2025-04-21
watch_0066,Microphone picks up too much noise,2,2025-03-04
watch_0067,"Battery lasts a week, impressive",5,2025-08-02
watch_0068,GPS tracking is very accurate,5,2025-06-22
watch_0069,Alarm and timer features are great,5,2025-11-07
watch_0070,Heart rate monitor is inaccurate,2,2025-08-24
watch_0071,Best fitness tracker I have used,5,2025-06-16
watch_0072,Step counter is way off,2,2025-07-29
watch_0073,Touchscreen is laggy and slow,1,2025-01-24
watch_0074,Alarm and timer features are great,5,2025-11-27
watch_0075,Heart rate monitor is inaccurate,2,2025-10-20
watch_0076,Accurate during workouts,4,2025-11-27
watch_0077,Charging cable is too short,1,2025-11-13
watch_0078,Display is bright and clear,5,2025-09-25
watch_0079,Display is too dim in sunlight,2,2025-01-10
watch_0080,Charging cable is too short,1,2025-01-10
watch_0081,Screen scratches very easily,1,2025-12-28
watch_0082,Fast charging is very convenient,5,2025-10-01
watch_0083,Water resistance works well,5,2025-09-09
watch_0084,Display is bright and clear,4,2025-04-03
watch_0085,Charging cable is too short,1,2025-05-12
watch_0086,Battery life is terrible,2,2025-05-27
watch_0087,Straps cause skin irritation,2,2025-03-20
watch_0088,Touchscreen is laggy and slow,2,2025-01-31
watch_0089,Sleep tracking is useful and accurate,4,2025-01-30
watch_0090,Battery life is terrible,1,2025-07-31
watch_0091,GPS tracking is very accurate,4,2025-03-03
watch_0092,Screen scratches very easily,2,2025-10-28
watch_0093,Charging cable is too short,2,2025-07-17
watch_0094,GPS tracking is very accurate,4,2025-08-26
watch_0095,"Battery lasts a week, impressive",5,2025-07-28
watch_0096,Display is bright and clear,4,2025-10-28
watch_0097,"Love the design, looks premium",5,2025-11-30
watch_0098,GPS tracking is very accurate,5,2025-08-17
watch_0099,App drains the phone battery,2,2025-03-14
watch_0100,Heart rate monitor is inaccurate,2,2025-10-03
watch_0101,Good value for the price,5,2025-01-01
watch_0102,Fast charging is very convenient,4,2025-03-27
watch_0103,Display is too dim in sunlight,1,2025-05-09
watch_0104,Water resistance works well,5,2025-11-20
watch_0105,Charging cable is too short,1,2025-03-24
watch_0106,Fast charging is very convenient,4,2025-02-15
watch_0107,Battery life is terrible,3,2025-10-12
watch_0108,Water resistance works well,4,2025-09-16
watch_0109,Sleep tracking is useful and accurate,5,2025-06-25
watch_0110,Accurate during workouts,5,2025-05-06
watch_0111,Sleep tracking is useful and accurate,4,2025-08-24
watch_0112,Sleep tracking is useful and accurate,4,2025-12-21
watch_0113,"Battery drains fast, needs daily charge",2,2025-01-03
watch_0114,Best fitness tracker I have used,4,2025-10-12
watch_0115,Accurate during workouts,5,2025-07-21
watch_0116,Best fitness tracker I have used,5,2025-10-03
watch_0117,App drains the phone battery,1,2025-03-05
watch_0118,Touchscreen is laggy and slow,3,2025-07-03
watch_0119,Buttons are stiff and hard to press,3,2025-01-05
watch_0120,Sync with phone keeps failing,3,2025-08-16
watch_0121,Microphone picks up too much noise,1,2025-05-24
watch_0122,Accurate during workouts,4,2025-02-16
watch_0123,Best fitness tracker I have used,4,2025-04-24
watch_0124,Display is too dim in sunlight,3,2025-01-19
watch_0125,Microphone picks up too much noise,2,2025-04-18
watch_0126,App drains the phone battery,1,2025-05-23
watch_0127,Alarm and timer features are great,4,2025-04-10
watch_0128,Fast charging is very convenient,5,2025-11-05
watch_0129,"Battery lasts a week, impressive",5,2025-02-03
watch_0130,Step counter is way off,3,2025-09-25
watch_0131,GPS tracking is very accurate,4,2025-12-14
watch_0132,Microphone picks up too much noise,2,2025-11-11
watch_0133,Charging cable is too short,3,2025-01-02
watch_0134,Best fitness tracker I have used,5,2025-11-29
watch_0135,Sync with phone keeps failing,1,2025-07-28
watch_0136,App drains the phone battery,2,2025-09-11
watch_0137,Buttons are stiff and hard to press,1,2025-04-25
watch_0138,Touchscreen is laggy and slow,2,2025-06-11
watch_0139,Screen scratches very easily,1,2025-10-20
watch_0140,Accurate during workouts,4,2025-12-20
watch_0141,"Battery lasts a week, impressive",5,2025-04-11
watch_0142,Straps cause skin irritation,1,2025-11-17
watch_0143,Display is too dim in sunlight,1,2025-01-13
watch_0144,Best fitness tracker I have used,5,2025-05-09
watch_0145,Display is too dim in sunlight,1,2025-06-24
watch_0146,Sleep tracking is useful and accurate,5,2025-05-02
watch_0147,Fast charging is very convenient,5,2025-02-18
watch_0148,Fast charging is very convenient,4,2025-02-01
watch_0149,Water resistance works well,4,2025-12-22
watch_0150,Heart rate monitor is inaccurate,1,2025-08-15
watch_0151,Step counter is way off,2,2025-02-03
watch_0152,"Battery drains fast, needs daily charge",2,2025-05-31
watch_0153,Water resistance works well,4,2025-07-30
watch_0154,Step counter is way off,2,2025-11-16
watch_0155,Touchscreen is laggy and slow,2,2025-08-08
watch_0156,Fast charging is very convenient,4,2025-11-30
watch_0157,Display is bright and clear,5,2025-06-18
watch_0158,"Battery lasts a week, impressive",4,2025-11-01
watch_0159,Fast charging is very convenient,5,2025-04-10
watch_0160,Notifications work perfectly,5,2025-05-12
watch_0161,Display is too dim in sunlight,2,2025-08-16
watch_0162,Heart rate monitor is inaccurate,2,2025-01-31
watch_0163,Step counter is way off,1,2025-11-30
watch_0164,GPS tracking is very accurate,5,2025-10-05
watch_0165,Notifications work perfectly,5,2025-11-05
watch_0166,Sync with phone keeps failing,3,2025-09-23
watch_0167,Best fitness tracker I have used,4,2025-05-02
watch_0168,Good value for the price,5,2025-08-05
watch_0169,Screen scratches very easily,2,2025-04-14
watch_0170,Sleep tracking is useful and accurate,4,2025-09-01
watch_0171,Alarm and timer features are great,5,2025-06-19
watch_0172,Fast charging is very convenient,5,2025-11-12
watch_0173,Sync with phone keeps failing,1,2025-08-21
watch_0174,Display is bright and clear,5,2025-01-02
watch_0175,Accurate during workouts,4,2025-11-16
watch_0176,Display is too dim in sunlight,2,2025-06-19
watch_0177,Water resistance works well,4,2025-04-05
watch_0178,Display is bright and clear,4,2025-02-07
watch_0179,Charging cable is too short,1,2025-05-29
watch_0180,Best fitness tracker I have used,5,2025-07-04
watch_0181,"Battery drains fast, needs daily charge",1,2025-05-26
watch_0182,Straps cause skin irritation,2,2025-06-23
watch_0183,"Love the design, looks premium",4,2025-01-12
watch_0184,Straps cause skin irritation,3,2025-01-11
watch_0185,Notifications work perfectly,4,2025-02-26
watch_0186,Screen scratches very easily,1,2025-05-03
watch_0187,Sync with phone keeps failing,2,2025-09-27
watch_0188,Fast charging is very convenient,5,2025-12-31
watch_0189,Heart rate monitor is inaccurate,3,2025-03-08
watch_0190,"Love the design, looks premium",5,2025-12-22
watch_0191,Step counter is way off,1,2025-11-22
watch_0192,"Battery drains fast, needs daily charge",2,2025-10-28
watch_0193,Charging cable is too short,1,2025-03-18
watch_0194,"Battery drains fast, needs daily charge",2,2025-05-24
watch_0195,Good value for the price,5,2025-09-08
watch_0196,Battery life is terrible,2,2025-12-06
watch_0197,Notifications work perfectly,5,2025-11-27
watch_0198,Sleep tracking is useful and accurate,5,2025-08-26
watch_0199,Microphone picks up too much noise,1,2025-12-22
watch_0200,Alarm and timer features are great,5,2025-10-25
watch_0201,Buttons are stiff and hard to press,2,2025-01-19
watch_0202,Screen scratches very easily,2,2025-05-01
watch_0203,Straps cause skin irritation,1,2025-07-13
watch_0204,Sleep tracking is useful and accurate,4,2025-02-13
watch_0205,Battery life is terrible,1,2025-09-23
watch_0206,Step counter is way off,1,2025-09-20
watch_0207,Water resistance works well,5,2025-08-10
watch_0208,Buttons are stiff and hard to press,2,2025-05-20
watch_0209,Heart rate monitor is inaccurate,1,2025-05-16
watch_0210,Sleep tracking is useful and accurate,5,2025-05-31
watch_0211,Good value for the price,5,2025-02-10
watch_0212,"Love the design, looks premium",4,2025-02-06
watch_0213,Charging cable is too short,1,2025-04-11
watch_0214,GPS tracking is very accurate,4,2025-12-16
watch_0215,"Love the design, looks premium",5,2025-03-12
watch_0216,Accurate during workouts,5,2025-05-14
watch_0217,Straps cause skin irritation,1,2025-06-27
watch_0218,Water resistance works well,5,2025-10-24
watch_0219,Display is bright and clear,5,2025-09-20
watch_0220,Notifications work perfectly,5,2025-04-27
watch_0221,Microphone picks up too much noise,1,2025-04-30
watch_0222,Good value for the price,5,2025-08-25
watch_0223,Battery life is terrible,1,2025-04-07
watch_0224,Accurate during workouts,5,2025-08-13
watch_0225,Good value for the price,4,2025-03-13
watch_0226,Notifications work perfectly,4,2025-01-05
watch_0227,Best fitness tracker I have used,5,2025-06-23
watch_0228,Touchscreen is laggy and slow,2,2025-07-26
watch_0229,Accurate during workouts,5,2025-06-16
watch_0230,Fast charging is very convenient,5,2025-03-13
watch_0231,Sync with phone keeps failing,2,2025-11-05
watch_0232,Fast charging is very convenient,5,2025-07-15
watch_0233,Touchscreen is laggy and slow,1,2025-07-17
watch_0234,Battery life is terrible,1,2025-08-20
watch_0235,GPS tracking is very accurate,4,2025-02-23
watch_0236,Notifications work perfectly,4,2025-12-19
watch_0237,Display is bright and clear,4,2025-02-05
watch_0238,Water resistance works well,4,2025-04-30
watch_0239,Charging cable is too short,1,2025-01-30
watch_0240,"Battery drains fast, needs daily charge",1,2025-07-30
watch_0241,Battery life is terrible,1,2025-08-03
watch_0242,"Battery lasts a week, impressive",4,2025-04-16
watch_0243,Screen scratches very easily,1,2025-12-30
watch_0244,Notifications work perfectly,5,2025-06-08
watch_0245,Good value for the price,5,2025-08-23
watch_0246,"Battery drains fast, needs daily charge",3,2025-08-17
watch_0247,Touchscreen is laggy and slow,2,2025-05-07
watch_0248,Fast charging is very convenient,5,2025-08-24
watch_0249,Display is bright and clear,5,2025-05-28
watch_0250,Alarm and timer features are great,4,2025-12-31
watch_0251,Water resistance works well,5,2025-03-31
watch_0252,Heart rate monitor is inaccurate,3,2025-08-10
watch_0253,Best fitness tracker I have used,4,2025-10-19
watch_0254,Microphone picks up too much noise,3,2025-05-03
watch_0255,Notifications work perfectly,4,2025-11-18
watch_0256,Best fitness tracker I have used,5,2025-12-24
watch_0257,"Love the design, looks premium",5,2025-07-30
watch_0258,Good value for the price,4,2025-07-08
watch_0259,Battery life is terrible,2,2025-06-16
watch_0260,Heart rate monitor is inaccurate,1,2025-09-17
watch_0261,"Battery drains fast, needs daily charge",1,2025-12-22
watch_0262,Alarm and timer features are great,4,2025-07-24
watch_0263,Water resistance works well,4,2025-05-09
watch_0264,Heart rate monitor is inaccurate,1,2025-08-26
watch_0265,"Battery lasts a week, impressive",4,2025-12-03
watch_0266,Display is too dim in sunlight,1,2025-05-23
watch_0267,Notifications work perfectly,5,2025-11-07
watch_0268,Straps cause skin irritation,1,2025-07-20
watch_0269,App drains the phone battery,2,2025-12-13
watch_0270,Display is too dim in sunlight,1,2025-04-21
watch_0271,Best fitness tracker I have used,5,2025-08-15
watch_0272,Best fitness tracker I have used,5,2025-11-25
watch_0273,Best fitness tracker I have used,5,2025-07-19
watch_0274,Alarm and timer features are great,4,2025-01-03
watch_0275,Touchscreen is laggy and slow,2,2025-05-08
watch_0276,Screen scratches very easily,1,2025-01-09
watch_0277,Display is bright and clear,4,2025-04-09
watch_0278,"Battery lasts a week, impressive",4,2025-02-19
watch_0279,Best fitness tracker I have used,4,2025-03-27
watch_0280,Charging cable is too short,1,2025-06-17
watch_0281,App drains the phone battery,1,2025-04-17
watch_0282,Water resistance works well,5,2025-03-03
watch_0283,Battery life is terrible,1,2025-03-30
watch_0284,App drains the phone battery,1,2025-07-19
watch_0285,Screen scratches very easily,1,2025-05-23
watch_0286,Sleep tracking is useful and accurate,4,2025-04-22
watch_0287,Buttons are stiff and hard to press,2,2025-02-22
watch_0288,Fast charging is very convenient,4,2025-02-18
watch_0289,Best fitness tracker I have used,5,2025-12-14
watch_0290,Accurate during workouts,4,2025-03-31
watch_0291,Accurate during workouts,4,2025-12-08
watch_0292,Sleep tracking is useful and accurate,4,2025-10-27
watch_0293,Good value for the price,5,2025-04-30
watch_0294,Accurate during workouts,5,2025-04-30
watch_0295,Buttons are stiff and hard to press,3,2025-06-08
watch_0296,Touchscreen is laggy and slow,2,2025-11-14
watch_0297,Heart rate monitor is inaccurate,1,2025-06-01
watch_0298,Touchscreen is laggy and slow,1,2025-01-20
watch_0299,Microphone picks up too much noise,2,2025-08-16
watch_0300,Sleep tracking is useful and accurate,4,2025-06-12
watch_0301,Display is bright and clear,5,2025-08-01
watch_0302,GPS tracking is very accurate,5,2025-04-28
watch_0303,Sleep tracking is useful and accurate,4,2025-04-16
watch_0304,Best fitness tracker I have used,5,2025-12-18
watch_0305,"Love the design, looks premium",5,2025-07-15
watch_0306,Notifications work perfectly,5,2025-01-04
watch_0307,Display is too dim in sunlight,1,2025-04-09
watch_0308,Heart rate monitor is inaccurate,3,2025-03-06
watch_0309,Step counter is way off,2,2025-04-15
watch_0310,Battery life is terrible,1,2025-08-28
watch_0311,Microphone picks up too much noise,1,2025-08-06
watch_0312,Screen scratches very easily,1,2025-10-23
watch_0313,Best fitness tracker I have used,4,2025-09-04
watch_0314,Sync with phone keeps failing,1,2025-03-27
watch_0315,Water resistance works well,5,2025-08-10
watch_0316,Alarm and timer features are great,4,2025-07-15
watch_0317,"Battery lasts a week, impressive",5,2025-06-03
watch_0318,Notifications work perfectly,5,2025-03-31
watch_0319,Display is too dim in sunlight,1,2025-05-26
watch_0320,Step counter is way off,2,2025-06-20
watch_0321,Display is too dim in sunlight,1,2025-04-08
watch_0322,Charging cable is too short,2,2025-07-11
watch_0323,Water resistance works well,5,2025-07-11
watch_0324,Straps cause skin irritation,2,2025-10-29
watch_0325,"Battery drains fast, needs daily charge",3,2025-03-05
watch_0326,Step counter is way off,1,2025-08-12
watch_0327,Accurate during workouts,4,2025-12-30
watch_0328,Accurate during workouts,4,2025-01-30
watch_0329,Water resistance works well,5,2025-05-05
watch_0330,Sleep tracking is useful and accurate,5,2025-12-13
watch_0331,App drains the phone battery,2,2025-05-14
watch_0332,Best fitness tracker I have used,4,2025-05-07
watch_0333,Best fitness tracker I have used,5,2025-01-07
watch_0334,Battery life is terrible,2,2025-07-16
watch_0335,Step counter is way off,3,2025-02-11
watch_0336,"Love the design, looks premium",5,2025-03-26
watch_0337,GPS tracking is very accurate,5,2025-09-14
watch_0338,Best fitness tracker I have used,5,2025-10-28
watch_0339,Touchscreen is laggy and slow,2,2025-02-15
watch_0340,Step counter is way off,2,2025-06-26
watch_0341,GPS tracking is very accurate,5,2025-07-23
watch_0342,Display is bright and clear,5,2025-09-09
watch_0343,Battery life is terrible,2,2025-08-02
watch_0344,Best fitness tracker I have used,4,2025-08-09
watch_0345,Sync with phone keeps failing,1,2025-03-10
watch_0346,Heart rate monitor is inaccurate,2,2025-02-26
watch_0347,"Love the design, looks premium",4,2025-01-31
watch_0348,"Love the design, looks premium",4,2025-07-29
watch_0349,Fast charging is very convenient,4,2025-11-22
watch_0350,Straps cause skin irritation,1,2025-03-05
watch_0351,Sync with phone keeps failing,1,2025-05-01
watch_0352,Best fitness tracker I have used,5,2025-01-05
watch_0353,Buttons are stiff and hard to press,3,2025-12-07
watch_0354,Display is bright and clear,4,2025-09-25
watch_0355,Water resistance works well,5,2025-05-17
watch_0356,Alarm and timer features are great,5,2025-11-06
watch_0357,Sleep tracking is useful and accurate,5,2025-06-25
watch_0358,"Love the design, looks premium",5,2025-12-07
watch_0359,Step counter is way off,1,2025-07-02
watch_0360,"Battery lasts a week, impressive",4,2025-12-24
watch_0361,Heart rate monitor is inaccurate,1,2025-03-04
watch_0362,GPS tracking is very accurate,5,2025-05-08
watch_0363,Step counter is way off,2,2025-09-01
watch_0364,Best fitness tracker I have used,4,2025-11-23
watch_0365,Sleep tracking is useful and accurate,4,2025-07-04
watch_0366,Accurate during workouts,4,2025-08-16
watch_0367,Display is too dim in sunlight,1,2025-11-10
watch_0368,Sleep tracking is useful and accurate,5,2025-09-01
watch_0369,Accurate during workouts,5,2025-07-17
watch_0370,Screen scratches very easily,2,2025-09-24
watch_0371,Accurate during workouts,5,2025-03-07
watch_0372,"Battery lasts a week, impressive",4,2025-12-11
watch_0373,Alarm and timer features are great,4,2025-08-17
watch_0374,Alarm and timer features are great,5,2025-05-04
watch_0375,Heart rate monitor is inaccurate,2,2025-12-04
watch_0376,"Battery lasts a week, impressive",5,2025-01-15
watch_0377,Sync with phone keeps failing,3,2025-05-24
watch_0378,Straps cause skin irritation,2,2025-12-10
watch_0379,Heart rate monitor is inaccurate,3,2025-11-21
watch_0380,"Battery lasts a week, impressive",5,2025-06-20
watch_0381,Fast charging is very convenient,5,2025-11-04
watch_0382,Sync with phone keeps failing,1,2025-07-15
watch_0383,Good value for the price,5,2025-08-12
watch_0384,"Love the design, looks premium",4,2025-05-29
watch_0385,Battery life is terrible,1,2025-10-31
watch_0386,Accurate during workouts,5,2025-10-21
watch_0387,Sync with phone keeps failing,3,2025-10-23
watch_0388,GPS tracking is very accurate,4,2025-10-02
watch_0389,Touchscreen is laggy and slow,3,2025-06-13
watch_0390,Best fitness tracker I have used,5,2025-03-06
watch_0391,Fast charging is very convenient,5,2025-02-24
watch_0392,Charging cable is too short,3,2025-06-11
watch_0393,Straps cause skin irritation,3,2025-09-13
watch_0394,Notifications work perfectly,5,2025-03-16
watch_0395,Accurate during workouts,4,2025-06-13
watch_0396,Microphone picks up too much noise,1,2025-12-28
watch_0397,Best fitness tracker I have used,5,2025-09-11
watch_0398,Touchscreen is laggy and slow,1,2025-06-20
watch_0399,Microphone picks up too much noise,1,2025-04-26
watch_0400,Display is bright and clear,5,2025-04-02
watch_0401,Accurate during workouts,4,2025-12-04
watch_0402,Notifications work perfectly,5,2025-10-08
watch_0403,Touchscreen is laggy and slow,2,2025-06-28
watch_0404,Water resistance works well,4,2025-05-25
watch_0405,Screen scratches very easily,2,2025-10-08
watch_0406,Heart rate monitor is inaccurate,1,2025-10-25
watch_0407,Display is bright and clear,5,2025-12-30
watch_0408,App drains the phone battery,1,2025-03-12
watch_0409,Alarm and timer features are great,4,2025-03-16
watch_0410,Buttons are stiff and hard to press,2,2025-11-30
watch_0411,Microphone picks up too much noise,3,2025-02-22
watch_0412,Notifications work perfectly,4,2025-08-07
watch_0413,Notifications work perfectly,5,2025-02-19
watch_0414,Display is too dim in sunlight,1,2025-01-27
watch_0415,Charging cable is too short,2,2025-10-31
watch_0416,Notifications work perfectly,5,2025-07-26
watch_0417,Battery life is terrible,1,2025-09-08
watch_0418,Step counter is way off,3,2025-12-01
watch_0419,Accurate during workouts,5,2025-12-10
watch_0420,Alarm and timer features are great,5,2025-11-29
watch_0421,App drains the phone battery,2,2025-07-08
watch_0422,Battery life is terrible,1,2025-09-08
watch_0423,Good value for the price,4,2025-10-28
watch_0424,Fast charging is very convenient,5,2025-12-22
watch_0425,Fast charging is very convenient,4,2025-09-05
watch_0426,Accurate during workouts,5,2025-10-20
watch_0427,Sync with phone keeps failing,1,2025-10-03
watch_0428,Microphone picks up too much noise,1,2025-10-12
watch_0429,Good value for the price,5,2025-09-23
watch_0430,Good value for the price,5,2025-11-30
watch_0431,Buttons are stiff and hard to press,1,2025-12-04
watch_0432,Notifications work perfectly,5,2025-12-22
watch_0433,Charging cable is too short,1,2025-06-10
watch_0434,Heart rate monitor is inaccurate,2,2025-12-01
watch_0435,Charging cable is too short,1,2025-01-18
watch_0436,Battery life is terrible,2,2025-07-06
watch_0437,Notifications work perfectly,5,2025-12-03
watch_0438,Straps cause skin irritation,1,2025-09-23
watch_0439,GPS tracking is very accurate,5,2025-08-16
watch_0440,Display is too dim in sunlight,2,2025-09-25
watch_0441,Sleep tracking is useful and accurate,5,2025-09-19
watch_0442,Battery life is terrible,2,2025-01-23
watch_0443,Screen scratches very easily,1,2025-04-21
watch_0444,Fast charging is very convenient,5,2025-10-30
watch_0445,Heart rate monitor is inaccurate,2,2025-08-05
watch_0446,Straps cause skin irritation,1,2025-11-29
watch_0447,Water resistance works well,5,2025-05-11
watch_0448,Accurate during workouts,4,2025-04-15
watch_0449,Microphone picks up too much noise,1,2025-11-21
watch_0450,"Love the design, looks premium",5,2025-10-16
watch_0451,Good value for the price,5,2025-08-03
watch_0452,Sleep tracking is useful and accurate,5,2025-08-11
watch_0453,Step counter is way off,1,2025-05-19
watch_0454,Battery life is terrible,2,2025-07-28
watch_0455,App drains the phone battery,1,2025-06-20
watch_0456,Notifications work perfectly,5,2025-04-26
watch_0457,Battery life is terrible,1,2025-04-24
watch_0458,Battery life is terrible,2,2025-03-05
watch_0459,Microphone picks up too much noise,3,2025-10-29
watch_0460,Alarm and timer features are great,4,2025-06-28
watch_0461,GPS tracking is very accurate,5,2025-11-08
watch_0462,"Battery drains fast, needs daily charge",1,2025-07-19
watch_0463,Buttons are stiff and hard to press,2,2025-09-30
watch_0464,Water resistance works well,5,2025-03-07
watch_0465,App drains the phone battery,2,2025-03-21
watch_0466,Notifications work perfectly,4,2025-05-17
watch_0467,Microphone picks up too much noise,2,2025-07-09
watch_0468,"Love the design, looks premium",5,2025-08-03
watch_0469,Notifications work perfectly,5,2025-07-01
watch_0470,Good value for the price,4,2025-08-08
watch_0471,Accurate during workouts,5,2025-04-28
watch_0472,Battery life is terrible,3,2025-07-28
watch_0473,"Battery lasts a week, impressive",5,2025-02-09
watch_0474,"Battery lasts a week, impressive",4,2025-01-30
watch_0475,Straps cause skin irritation,2,2025-09-10
watch_0476,Display is bright and clear,5,2025-08-06
watch_0477,Accurate during workouts,4,2025-09-12
watch_0478,Best fitness tracker I have used,5,2025-12-24
watch_0479,"Battery drains fast, needs daily charge",2,2025-01-04
watch_0480,Accurate during workouts,5,2025-06-26
watch_0481,Microphone picks up too much noise,2,2025-09-28
watch_0482,Display is bright and clear,5,2025-03-28
watch_0483,Good value for the price,5,2025-03-31
watch_0484,Heart rate monitor is inaccurate,2,2025-01-27
watch_0485,Water resistance works well,4,2025-02-27
watch_0486,App drains the phone battery,1,2025-10-04
watch_0487,"Battery lasts a week, impressive",4,2025-09-05
watch_0488,Screen scratches very easily,1,2025-11-20
watch_0489,"Love the design, looks premium",5,2025-11-26
watch_0490,Display is bright and clear,5,2025-11-13
watch_0491,Display is bright and clear,4,2025-11-12
watch_0492,GPS tracking is very accurate,4,2025-01-03
watch_0493,Microphone picks up too much noise,1,2025-07-01
watch_0494,Touchscreen is laggy and slow,2,2025-02-13
watch_0495,Notifications work perfectly,5,2025-09-07
watch_0496,Buttons are stiff and hard to press,2,2025-04-26
watch_0497,Sleep tracking is useful and accurate,4,2025-08-08
watch_0498,Good value for the price,5,2025-02-25
watch_0499,Best fitness tracker I have used,5,2025-03-24
watch_0500,Microphone picks up too much noise,1,2025-07-03
watch_0501,Accurate during workouts,4,2025-04-08
watch_0502,Heart rate monitor is inaccurate,1,2025-06-19
watch_0503,Notifications work perfectly,5,2025-09-03
watch_0504,GPS tracking is very accurate,4,2025-09-08
watch_0505,Best fitness tracker I have used,5,2025-06-16
watch_0506,Water resistance works well,5,2025-07-19
watch_0507,Battery life is terrible,2,2025-03-06
watch_0508,Charging cable is too short,1,2025-12-17
watch_0509,App drains the phone battery,3,2025-08-08
watch_0510,Accurate during workouts,4,2025-09-03
watch_0511,Display is too dim in sunlight,1,2025-08-08
watch_0512,Heart rate monitor is inaccurate,2,2025-04-06
watch_0513,Buttons are stiff and hard to press,1,2025-05-15
watch_0514,"Love the design, looks premium",5,2025-08-08
watch_0515,Microphone picks up too much noise,2,2025-02-22
watch_0516,Good value for the price,5,2025-04-07
watch_0517,Fast charging is very convenient,5,2025-03-18
watch_0518,Heart rate monitor is inaccurate,1,2025-05-21
watch_0519,Notifications work perfectly,5,2025-11-12
watch_0520,"Battery drains fast, needs daily charge",1,2025-09-26
watch_0521,App drains the phone battery,3,2025-04-24
watch_0522,Display is too dim in sunlight,1,2025-08-07
watch_0523,GPS tracking is very accurate,4,2025-07-06
watch_0524,Sync with phone keeps failing,2,2025-05-07
watch_0525,"Battery drains fast, needs daily charge",1,2025-01-01
watch_0526,Microphone picks up too much noise,1,2025-05-27
watch_0527,Fast charging is very convenient,4,2025-04-05
watch_0528,Display is too dim in sunlight,1,2025-06-05
watch_0529,App drains the phone battery,1,2025-10-10
watch_0530,Notifications work perfectly,4,2025-07-05
watch_0531,Fast charging is very convenient,5,2025-07-10
watch_0532,Straps cause skin irritation,1,2025-07-16
watch_0533,Battery life is terrible,1,2025-11-05
watch_0534,Step counter is way off,3,2025-12-02
watch_0535,"Love the design, looks premium",5,2025-02-20
watch_0536,Charging cable is too short,2,2025-06-04
watch_0537,"Love the design, looks premium",5,2025-03-20
watch_0538,Screen scratches very easily,1,2025-12-31
watch_0539,Buttons are stiff and hard to press,3,2025-10-14
watch_0540,Sleep tracking is useful and accurate,5,2025-03-02
watch_0541,"Battery lasts a week, impressive",5,2025-09-26
watch_0542,Good value for the price,5,2025-03-27
watch_0543,Accurate during workouts,5,2025-05-29
watch_0544,Step counter is way off,1,2025-12-22
watch_0545,Touchscreen is laggy and slow,2,2025-09-30
watch_0546,"Battery lasts a week, impressive",4,2025-09-18
watch_0547,Buttons are stiff and hard to press,1,2025-11-07
watch_0548,Heart rate monitor is inaccurate,1,2025-10-20
watch_0549,Microphone picks up too much noise,1,2025-09-20
watch_0550,Accurate during workouts,5,2025-05-13
watch_0551,Screen scratches very easily,1,2025-05-18
watch_0552,Notifications work perfectly,4,2025-10-01
watch_0553,"Battery drains fast, needs daily charge",2,2025-05-23
watch_0554,GPS tracking is very accurate,5,2025-01-27
watch_0555,"Love the design, looks premium",5,2025-04-18
watch_0556,Display is bright and clear,5,2025-11-20
watch_0557,Sleep tracking is useful and accurate,4,2025-12-28
watch_0558,GPS tracking is very accurate,5,2025-07-29
watch_0559,GPS tracking is very accurate,4,2025-01-30
watch_0560,Display is bright and clear,5,2025-04-23
watch_0561,GPS tracking is very accurate,4,2025-01-09
watch_0562,Fast charging is very convenient,4,2025-12-19
watch_0563,App drains the phone battery,1,2025-11-17
watch_0564,Good value for the price,4,2025-08-15
watch_0565,Straps cause skin irritation,1,2025-11-19
watch_0566,Water resistance works well,4,2025-04-29
watch_0567,Water resistance works well,4,2025-09-03
watch_0568,Heart rate monitor is inaccurate,2,2025-04-01
watch_0569,Display is too dim in sunlight,3,2025-04-03
watch_0570,Display is bright and clear,4,2025-04-01
watch_0571,Best fitness tracker I have used,5,2025-02-05
watch_0572,Touchscreen is laggy and slow,1,2025-11-27
watch_0573,"Battery lasts a week, impressive",5,2025-03-12
watch_0574,Display is bright and clear,5,2025-07-13
watch_0575,Battery life is terrible,3,2025-11-26
watch_0576,Notifications work perfectly,4,2025-02-12
watch_0577,App drains the phone battery,2,2025-01-05
watch_0578,"Battery lasts a week, impressive",5,2025-06-23
watch_0579,"Battery lasts a week, impressive",4,2025-09-03
watch_0580,Alarm and timer features are great,5,2025-06-07
watch_0581,Heart rate monitor is inaccurate,1,2025-10-06
watch_0582,Best fitness tracker I have used,5,2025-01-11
watch_0583,"Battery lasts a week, impressive",5,2025-02-22
watch_0584,Water resistance works well,4,2025-04-25
watch_0585,Touchscreen is laggy and slow,1,2025-06-30
watch_0586,"Love the design, looks premium",5,2025-12-17
watch_0587,Microphone picks up too much noise,3,2025-02-27
watch_0588,"Battery lasts a week, impressive",4,2025-05-25
watch_0589,Step counter is way off,1,2025-07-04
watch_0590,"Battery lasts a week, impressive",5,2025-11-06
watch_0591,Touchscreen is laggy and slow,2,2025-11-04
watch_0592,Touchscreen is laggy and slow,1,2025-12-08
watch_0593,Fast charging is very convenient,5,2025-06-28
watch_0594,GPS tracking is very accurate,5,2025-12-05
watch_0595,Straps cause skin irritation,3,2025-12-31
watch_0596,Display is bright and clear,5,2025-03-18
watch_0597,Notifications work perfectly,4,2025-07-19
watch_0598,Alarm and timer features are great,5,2025-02-27
watch_0599,Accurate during workouts,4,2025-02-16
watch_0600,Heart rate monitor is inaccurate,1,2025-07-17
watch_0601,Display is too dim in sunlight,1,2025-12-22
watch_0602,Fast charging is very convenient,5,2025-06-20
watch_0603,App drains the phone battery,3,2025-07-16
watch_0604,Display is too dim in sunlight,2,2025-09-10
watch_0605,"Love the design, looks premium",4,2025-10-25
watch_0606,Good value for the price,5,2025-12-22
watch_0607,"Love the design, looks premium",5,2025-05-01
watch_0608,Screen scratches very easily,3,2025-01-09
watch_0609,Display is too dim in sunlight,3,2025-02-26
watch_0610,Sync with phone keeps failing,1,2025-03-13
watch_0611,Heart rate monitor is inaccurate,3,2025-10-10
watch_0612,Water resistance works well,4,2025-04-25
watch_0613,Heart rate monitor is inaccurate,1,2025-12-23
watch_0614,Water resistance works well,5,2025-12-23
watch_0615,Sleep tracking is useful and accurate,4,2025-02-24
watch_0616,"Battery lasts a week, impressive",5,2025-11-01
watch_0617,Display is bright and clear,4,2025-03-14
watch_0618,Battery life is terrible,1,2025-08-02
watch_0619,Heart rate monitor is inaccurate,2,2025-03-13
watch_0620,Accurate during workouts,5,2025-08-29
watch_0621,Sync with phone keeps failing,1,2025-11-27
watch_0622,GPS tracking is very accurate,4,2025-01-31
watch_0623,Display is bright and clear,5,2025-03-30
watch_0624,Display is bright and clear,4,2025-08-05
watch_0625,Alarm and timer features are great,5,2025-05-13
watch_0626,Good value for the price,4,2025-04-27
watch_0627,Notifications work perfectly,4,2025-02-17
watch_0628,Notifications work perfectly,5,2025-07-25
watch_0629,"Love the design, looks premium",4,2025-10-14
watch_0630,"Battery lasts a week, impressive",5,2025-08-28
watch_0631,Best fitness tracker I have used,5,2025-07-14
watch_0632,Buttons are stiff and hard to press,1,2025-08-06
watch_0633,Battery life is terrible,1,2025-07-05
watch_0634,Sleep tracking is useful and accurate,4,2025-05-25
watch_0635,Battery life is terrible,1,2025-11-02
watch_0636,Straps cause skin irritation,1,2025-04-14
watch_0637,Display is bright and clear,4,2025-02-13
watch_0638,Fast charging is very convenient,4,2025-09-05
watch_0639,Sync with phone keeps failing,1,2025-06-08
watch_0640,Sync with phone keeps failing,2,2025-07-23
watch_0641,Sleep tracking is useful and accurate,5,2025-07-02
watch_0642,Accurate during workouts,5,2025-06-19
watch_0643,Microphone picks up too much noise,2,2025-09-15
watch_0644,Notifications work perfectly,4,2025-07-15
watch_0645,Display is bright and clear,4,2025-03-19
watch_0646,"Battery lasts a week, impressive",5,2025-02-17
watch_0647,"Love the design, looks premium",5,2025-12-15
watch_0648,Accurate during workouts,4,2025-09-14
watch_0649,Accurate during workouts,5,2025-09-25
watch_0650,Sleep tracking is useful and accurate,5,2025-03-09
watch_0651,Sync with phone keeps failing,2,2025-08-09
watch_0652,Microphone picks up too much noise,2,2025-07-18
watch_0653,Step counter is way off,2,2025-03-20
watch_0654,Alarm and timer features are great,4,2025-01-08
watch_0655,Straps cause skin irritation,2,2025-02-14
watch_0656,Alarm and timer features are great,4,2025-06-01
watch_0657,Straps cause skin irritation,2,2025-06-30
watch_0658,Heart rate monitor is inaccurate,2,2025-08-24
watch_0659,Display is too dim in sunlight,3,2025-08-15
watch_0660,Notifications work perfectly,5,2025-10-19
watch_0661,Sleep tracking is useful and accurate,5,2025-07-25
watch_0662,Step counter is way off,3,2025-03-08
watch_0663,Good value for the price,5,2025-06-10
watch_0664,App drains the phone battery,1,2025-08-19
watch_0665,App drains the phone battery,1,2025-11-26
watch_0666,Buttons are stiff and hard to press,1,2025-10-15
watch_0667,Battery life is terrible,1,2025-03-23
watch_0668,"Battery lasts a week, impressive",4,2025-08-25
watch_0669,Sleep tracking is useful and accurate,5,2025-11-25
watch_0670,Alarm and timer features are great,4,2025-04-03
watch_0671,Water resistance works well,5,2025-04-13
watch_0672,Battery life is terrible,1,2025-11-06
watch_0673,Accurate during workouts,5,2025-02-28
watch_0674,"Battery drains fast, needs daily charge",2,2025-08-29
watch_0675,Screen scratches very easily,1,2025-01-17
watch_0676,Water resistance works well,4,2025-07-05
watch_0677,Alarm and timer features are great,4,2025-04-19
watch_0678,Best fitness tracker I have used,5,2025-05-10
watch_0679,"Battery lasts a week, impressive",4,2025-05-21
watch_0680,Straps cause skin irritation,3,2025-08-20
watch_0681,Good value for the price,4,2025-05-13
watch_0682,"Battery drains fast, needs daily charge",1,2025-08-08
watch_0683,Buttons are stiff and hard to press,1,2025-04-12
watch_0684,Touchscreen is laggy and slow,2,2025-10-02
watch_0685,Notifications work perfectly,5,2025-08-12
watch_0686,Microphone picks up too much noise,2,2025-01-06
watch_0687,Fast charging is very convenient,4,2025-12-08
watch_0688,Notifications work perfectly,4,2025-06-12
watch_0689,Display is too dim in sunlight,3,2025-09-13
watch_0690,"Battery lasts a week, impressive",5,2025-12-12
watch_0691,Charging cable is too short,2,2025-08-19
watch_0692,Notifications work perfectly,5,2025-11-24
watch_0693,"Battery lasts a week, impressive",4,2025-04-07
watch_0694,Good value for the price,5,2025-11-04
watch_0695,Sync with phone keeps failing,1,2025-04-08
watch_0696,Fast charging is very convenient,5,2025-07-09
watch_0697,Display is bright and clear,4,2025-06-07
watch_0698,"Battery lasts a week, impressive",5,2025-11-29
watch_0699,Water resistance works well,5,2025-06-30
watch_0700,Water resistance works well,5,2025-06-21
watch_0701,Heart rate monitor is inaccurate,2,2025-07-11
watch_0702,Step counter is way off,1,2025-08-12
watch_0703,App drains the phone battery,2,2025-08-12
watch_0704,Accurate during workouts,5,2025-02-20
watch_0705,"Battery lasts a week, impressive",4,2025-01-09
watch_0706,Water resistance works well,4,2025-11-16
watch_0707,"Battery lasts a week, impressive",5,2025-09-15
watch_0708,Display is bright and clear,5,2025-08-04
watch_0709,Buttons are stiff and hard to press,2,2025-07-15
watch_0710,Display is too dim in sunlight,3,2025-06-29
watch_0711,Alarm and timer features are great,5,2025-11-27
watch_0712,Accurate during workouts,4,2025-07-11
watch_0713,Good value for the price,4,2025-12-04
watch_0714,Buttons are stiff and hard to press,3,2025-12-11
watch_0715,Touchscreen is laggy and slow,1,2025-01-14
watch_0716,Sync with phone keeps failing,3,2025-09-23
watch_0717,Fast charging is very convenient,4,2025-03-29
watch_0718,Water resistance works well,4,2025-07-20
watch_0719,App drains the phone battery,1,2025-01-27
watch_0720,Fast charging is very convenient,5,2025-11-22
watch_0721,Microphone picks up too much noise,1,2025-06-12
watch_0722,Water resistance works well,4,2025-12-30
watch_0723,Good value for the price,4,2025-10-23
watch_0724,Best fitness tracker I have used,5,2025-10-11
watch_0725,Sync with phone keeps failing,1,2025-02-17
watch_0726,"Battery drains fast, needs daily charge",2,2025-10-31
watch_0727,Step counter is way off,2,2025-02-10
watch_0728,Display is bright and clear,5,2025-03-08
watch_0729,Best fitness tracker I have used,5,2025-07-03
watch_0730,App drains the phone battery,3,2025-06-02
watch_0731,Screen scratches very easily,2,2025-07-13
watch_0732,Best fitness tracker I have used,4,2025-02-12
watch_0733,Best fitness tracker I have used,4,2025-10-24
watch_0734,"Battery lasts a week, impressive",5,2025-11-02
watch_0735,Heart rate monitor is inaccurate,1,2025-04-03
watch_0736,Display is too dim in sunlight,3,2025-04-17
watch_0737,Display is too dim in sunlight,2,2025-07-31
watch_0738,App drains the phone battery,1,2025-12-18
watch_0739,Sync with phone keeps failing,2,2025-08-19
watch_0740,Notifications work perfectly,4,2025-04-02
watch_0741,Best fitness tracker I have used,5,2025-01-17
watch_0742,Sync with phone keeps failing,3,2025-09-05
watch_0743,Fast charging is very convenient,5,2025-03-23
watch_0744,GPS tracking is very accurate,5,2025-04-09
watch_0745,Good value for the price,4,2025-09-20
watch_0746,"Love the design, looks premium",5,2025-02-28
watch_0747,Display is bright and clear,4,2025-04-23
watch_0748,Microphone picks up too much noise,3,2025-05-18
watch_0749,Screen scratches very easily,3,2025-06-28
watch_0750,Best fitness tracker I have used,4,2025-09-11
watch_0751,Water resistance works well,5,2025-05-09
watch_0752,App drains the phone battery,3,2025-05-24
watch_0753,"Battery lasts a week, impressive",5,2025-10-28
watch_0754,Buttons are stiff and hard to press,1,2025-09-07
watch_0755,Alarm and timer features are great,5,2025-05-20
watch_0756,Fast charging is very convenient,4,2025-07-16
watch_0757,Fast charging is very convenient,4,2025-11-20
watch_0758,Alarm and timer features are great,4,2025-01-18
watch_0759,GPS tracking is very accurate,5,2025-05-31
watch_0760,Best fitness tracker I have used,5,2025-09-29
watch_0761,"Battery drains fast, needs daily charge",1,2025-06-15
watch_0762,Notifications work perfectly,4,2025-02-07
watch_0763,Sync with phone keeps failing,1,2025-06-10
watch_0764,Sync with phone keeps failing,2,2025-06-18
watch_0765,Step counter is way off,2,2025-04-30
watch_0766,Water resistance works well,4,2025-04-19
watch_0767,"Battery lasts a week, impressive",5,2025-11-08
watch_0768,Best fitness tracker I have used,4,2025-11-27
watch_0769,Water resistance works well,4,2025-06-13
watch_0770,"Battery drains fast, needs daily charge",3,2025-09-13
watch_0771,Straps cause skin irritation,1,2025-03-05
watch_0772,Fast charging is very convenient,4,2025-07-16
watch_0773,"Battery drains fast, needs daily charge",1,2025-11-26
watch_0774,Fast charging is very convenient,5,2025-08-25
watch_0775,Touchscreen is laggy and slow,1,2025-10-01
watch_0776,Display is bright and clear,4,2025-01-09
watch_0777,Battery life is terrible,3,2025-08-01
watch_0778,GPS tracking is very accurate,4,2025-06-27
watch_0779,Charging cable is too short,2,2025-09-10
watch_0780,Water resistance works well,4,2025-08-21
watch_0781,Best fitness tracker I have used,5,2025-03-04
watch_0782,Fast charging is very convenient,4,2025-04-25
watch_0783,"Battery drains fast, needs daily charge",1,2025-06-15
watch_0784,Accurate during workouts,5,2025-03-29
watch_0785,Microphone picks up too much noise,3,2025-07-08
watch_0786,Good value for the price,5,2025-12-19
watch_0787,GPS tracking is very accurate,5,2025-01-23
watch_0788,Straps cause skin irritation,1,2025-06-18
watch_0789,Water resistance works well,4,2025-03-29
watch_0790,Fast charging is very convenient,5,2025-03-06
watch_0791,Heart rate monitor is inaccurate,2,2025-07-31
watch_0792,Best fitness tracker I have used,4,2025-09-28
watch_0793,Display is too dim in sunlight,2,2025-05-24
watch_0794,Microphone picks up too much noise,2,2025-02-17
watch_0795,Straps cause skin irritation,2,2025-06-30
watch_0796,"Love the design, looks premium",5,2025-04-16
watch_0797,"Battery lasts a week, impressive",5,2025-01-31
watch_0798,App drains the phone battery,1,2025-07-17
watch_0799,Battery life is terrible,1,2025-10-30
watch_0800,Good value for the price,5,2025-06-09
watch_0801,Best fitness tracker I have used,4,2025-09-16
watch_0802,Heart rate monitor is inaccurate,1,2025-07-06
watch_0803,Display is too dim in sunlight,3,2025-09-20
watch_0804,Touchscreen is laggy and slow,1,2025-05-23
watch_0805,Best fitness tracker I have used,4,2025-10-23
watch_0806,Notifications work perfectly,5,2025-02-24
watch_0807,"Love the design, looks premium",4,2025-08-24
watch_0808,"Battery drains fast, needs daily charge",2,2025-09-29
watch_0809,GPS tracking is very accurate,4,2025-10-09
watch_0810,Touchscreen is laggy and slow,1,2025-07-23
watch_0811,Good value for the price,4,2025-08-14
watch_0812,Battery life is terrible,1,2025-07-15
watch_0813,Water resistance works well,4,2025-04-07
watch_0814,Step counter is way off,1,2025-11-08
watch_0815,Water resistance works well,4,2025-01-26
watch_0816,"Battery lasts a week, impressive",4,2025-01-28
watch_0817,Fast charging is very convenient,4,2025-02-03
watch_0818,GPS tracking is very accurate,4,2025-11-14
watch_0819,Water resistance works well,4,2025-02-21
watch_0820,Microphone picks up too much noise,1,2025-04-16
watch_0821,Screen scratches very easily,1,2025-05-28
watch_0822,GPS tracking is very accurate,5,2025-02-18
watch_0823,Microphone picks up too much noise,2,2025-06-06
watch_0824,Accurate during workouts,4,2025-06-11
watch_0825,Notifications work perfectly,4,2025-08-22
watch_0826,"Battery drains fast, needs daily charge",2,2025-08-08
watch_0827,Heart rate monitor is inaccurate,3,2025-02-09
watch_0828,Buttons are stiff and hard to press,3,2025-11-01
watch_0829,Display is too dim in sunlight,2,2025-09-08
watch_0830,Alarm and timer features are great,4,2025-01-09
watch_0831,GPS tracking is very accurate,5,2025-09-26
watch_0832,Notifications work perfectly,5,2025-02-21
watch_0833,Microphone picks up too much noise,1,2025-09-09
watch_0834,Good value for the price,4,2025-09-07
watch_0835,Display is too dim in sunlight,1,2025-06-30
watch_0836,Sync with phone keeps failing,3,2025-12-06
watch_0837,Fast charging is very convenient,5,2025-05-19
watch_0838,Accurate during workouts,5,2025-03-17
watch_0839,"Love the design, looks premium",5,2025-03-14
watch_0840,"Battery drains fast, needs daily charge",1,2025-12-23
watch_0841,Sleep tracking is useful and accurate,4,2025-02-15
watch_0842,Touchscreen is laggy and slow,2,2025-05-21
watch_0843,Best fitness tracker I have used,5,2025-08-19
watch_0844,Good value for the price,4,2025-12-14
watch_0845,Sync with phone keeps failing,1,2025-08-02
watch_0846,GPS tracking is very accurate,4,2025-01-22
watch_0847,Accurate during workouts,4,2025-11-10
watch_0848,Buttons are stiff and hard to press,2,2025-06-27
watch_0849,"Battery drains fast, needs daily charge",2,2025-12-17
watch_0850,App drains the phone battery,1,2025-05-29
watch_0851,Best fitness tracker I have used,4,2025-09-07
watch_0852,Buttons are stiff and hard to press,1,2025-08-21
watch_0853,Straps cause skin irritation,3,2025-03-05
watch_0854,Straps cause skin irritation,1,2025-06-30
watch_0855,Display is bright and clear,4,2025-03-12
watch_0856,Straps cause skin irritation,2,2025-09-15
watch_0857,Good value for the price,4,2025-02-14
watch_0858,Notifications work perfectly,5,2025-04-11
watch_0859,"Battery lasts a week, impressive",4,2025-01-17
watch_0860,Sleep tracking is useful and accurate,4,2025-12-14
watch_0861,Water resistance works well,4,2025-02-20
watch_0862,GPS tracking is very accurate,5,2025-03-30
watch_0863,Best fitness tracker I have used,5,2025-10-24
watch_0864,Buttons are stiff and hard to press,1,2025-03-11
watch_0865,Screen scratches very easily,1,2025-02-13
watch_0866,App drains the phone battery,2,2025-04-04
watch_0867,Touchscreen is laggy and slow,1,2025-09-27
watch_0868,Sleep tracking is useful and accurate,5,2025-12-17
watch_0869,Alarm and timer features are great,4,2025-08-27
watch_0870,Water resistance works well,5,2025-10-14
watch_0871,Buttons are stiff and hard to press,1,2025-03-13
watch_0872,GPS tracking is very accurate,5,2025-10-25
watch_0873,Notifications work perfectly,5,2025-10-17
watch_0874,Display is bright and clear,5,2025-07-21
watch_0875,App drains the phone battery,1,2025-09-23
watch_0876,Display is bright and clear,4,2025-05-19
watch_0877,Best fitness tracker I have used,4,2025-11-01
watch_0878,Straps cause skin irritation,2,2025-12-20
watch_0879,"Battery drains fast, needs daily charge",1,2025-10-27
watch_0880,Accurate during workouts,5,2025-12-26
watch_0881,Heart rate monitor is inaccurate,2,2025-09-11
watch_0882,App drains the phone battery,2,2025-03-21
watch_0883,Straps cause skin irritation,2,2025-01-04
watch_0884,Fast charging is very convenient,5,2025-02-28
watch_0885,Heart rate monitor is inaccurate,2,2025-03-03
watch_0886,"Love the design, looks premium",4,2025-08-31
watch_0887,Charging cable is too short,1,2025-01-29
watch_0888,GPS tracking is very accurate,5,2025-04-05
watch_0889,Good value for the price,4,2025-11-10
watch_0890,Best fitness tracker I have used,5,2025-08-10
watch_0891,"Battery drains fast, needs daily charge",1,2025-12-03
watch_0892,Charging cable is too short,2,2025-10-07
watch_0893,Display is too dim in sunlight,1,2025-12-08
watch_0894,Step counter is way off,2,2025-12-08
watch_0895,Touchscreen is laggy and slow,2,2025-02-24
watch_0896,Water resistance works well,4,2025-05-26
watch_0897,Fast charging is very convenient,4,2025-10-25
watch_0898,App drains the phone battery,2,2025-12-03
watch_0899,Display is bright and clear,5,2025-07-01
watch_0900,Alarm and timer features are great,5,2025-08-23
watch_0901,Heart rate monitor is inaccurate,1,2025-09-15
watch_0902,Microphone picks up too much noise,2,2025-09-20
watch_0903,App drains the phone battery,1,2025-12-02
watch_0904,Sleep tracking is useful and accurate,5,2025-03-13
watch_0905,Buttons are stiff and hard to press,2,2025-07-21
watch_0906,App drains the phone battery,2,2025-08-30
watch_0907,Notifications work perfectly,5,2025-09-17
watch_0908,Good value for the price,4,2025-12-24
watch_0909,Step counter is way off,1,2025-11-13
watch_0910,"Battery lasts a week, impressive",4,2025-03-23
watch_0911,App drains the phone battery,1,2025-12-14
watch_0912,"Love the design, looks premium",5,2025-05-02
watch_0913,Heart rate monitor is inaccurate,2,2025-07-16
watch_0914,Water resistance works well,5,2025-02-01
watch_0915,"Battery lasts a week, impressive",4,2025-02-07
watch_0916,Sleep tracking is useful and accurate,5,2025-01-16
watch_0917,Sleep tracking is useful and accurate,4,2025-08-19
watch_0918,App drains the phone battery,2,2025-04-13
watch_0919,Display is too dim in sunlight,1,2025-05-27
watch_0920,Microphone picks up too much noise,1,2025-09-28
watch_0921,"Love the design, looks premium",4,2025-01-13
watch_0922,Best fitness tracker I have used,4,2025-01-18
watch_0923,Display is bright and clear,4,2025-07-28
watch_0924,"Battery lasts a week, impressive",4,2025-12-16
watch_0925,Accurate during workouts,5,2025-09-12
watch_0926,Screen scratches very easily,2,2025-08-31
watch_0927,Sleep tracking is useful and accurate,5,2025-10-14
watch_0928,"Battery lasts a week, impressive",5,2025-11-17
watch_0929,Battery life is terrible,2,2025-03-07
watch_0930,GPS tracking is very accurate,4,2025-09-13
watch_0931,Step counter is way off,2,2025-01-12
watch_0932,Straps cause skin irritation,3,2025-05-09
watch_0933,Sync with phone keeps failing,1,2025-03-22
watch_0934,"Battery lasts a week, impressive",5,2025-05-04
watch_0935,Fast charging is very convenient,5,2025-07-24
watch_0936,Good value for the price,5,2025-02-26
watch_0937,GPS tracking is very accurate,5,2025-01-17
watch_0938,Straps cause skin irritation,1,2025-01-31
watch_0939,Charging cable is too short,3,2025-06-18
watch_0940,Best fitness tracker I have used,5,2025-02-01
watch_0941,Battery life is terrible,3,2025-10-16
watch_0942,Accurate during workouts,5,2025-01-19
watch_0943,Battery life is terrible,3,2025-11-03
watch_0944,"Battery lasts a week, impressive",5,2025-09-03
watch_0945,GPS tracking is very accurate,5,2025-02-23
watch_0946,Charging cable is too short,1,2025-06-29
watch_0947,GPS tracking is very accurate,5,2025-04-27
watch_0948,"Battery drains fast, needs daily charge",1,2025-04-11
watch_0949,Water resistance works well,5,2025-01-10
watch_0950,Display is bright and clear,4,2025-07-13
watch_0951,Water resistance works well,5,2025-10-09
watch_0952,Display is too dim in sunlight,1,2025-11-12
watch_0953,Sleep tracking is useful and accurate,4,2025-06-25
watch_0954,Display is bright and clear,4,2025-02-17
watch_0955,"Love the design, looks premium",5,2025-10-02
watch_0956,Display is bright and clear,5,2025-05-08
watch_0957,"Battery lasts a week, impressive",4,2025-08-13
watch_0958,"Battery drains fast, needs daily charge",1,2025-11-05
watch_0959,"Love the design, looks premium",5,2025-03-08
watch_0960,Alarm and timer features are great,5,2025-12-03
watch_0961,Straps cause skin irritation,3,2025-04-16
watch_0962,Accurate during workouts,5,2025-04-23
watch_0963,GPS tracking is very accurate,5,2025-10-10
watch_0964,App drains the phone battery,1,2025-05-17
watch_0965,Charging cable is too short,2,2025-01-28
watch_0966,Touchscreen is laggy and slow,2,2025-11-15
watch_0967,"Battery lasts a week, impressive",4,2025-03-12
watch_0968,Good value for the price,4,2025-10-11
watch_0969,Sync with phone keeps failing,2,2025-03-14
watch_0970,Screen scratches very easily,2,2025-11-29
watch_0971,"Battery lasts a week, impressive",4,2025-01-18
watch_0972,Step counter is way off,1,2025-02-13
watch_0973,Step counter is way off,1,2025-01-10
watch_0974,Water resistance works well,5,2025-04-25
watch_0975,Heart rate monitor is inaccurate,2,2025-09-30
watch_0976,Straps cause skin irritation,1,2025-06-28
watch_0977,Fast charging is very convenient,5,2025-06-22
watch_0978,GPS tracking is very accurate,5,2025-10-30
watch_0979,"Battery drains fast, needs daily charge",1,2025-11-15
watch_0980,Water resistance works well,5,2025-01-30
watch_0981,Good value for the price,4,2025-12-14
watch_0982,Charging cable is too short,2,2025-10-21
watch_0983,Good value for the price,4,2025-07-15
watch_0984,"Love the design, looks premium",4,2025-01-08
watch_0985,App drains the phone battery,3,2025-02-13
watch_0986,Good value for the price,4,2025-10-20
watch_0987,Step counter is way off,1,2025-05-18
watch_0988,Best fitness tracker I have used,5,2025-11-08
watch_0989,Straps cause skin irritation,2,2025-06-14
watch_0990,Notifications work perfectly,5,2025-01-09
watch_0991,Alarm and timer features are great,4,2025-07-03
watch_0992,Good value for the price,4,2025-01-30
watch_0993,"Battery lasts a week, impressive",4,2025-11-09
watch_0994,"Battery lasts a week, impressive",5,2025-05-13
watch_0995,GPS tracking is very accurate,4,2025-09-11
watch_0996,App drains the phone battery,1,2025-11-13
watch_0997,"Love the design, looks premium",4,2025-01-20
watch_0998,Charging cable is too short,3,2025-10-24
watch_0999,Charging cable is too short,2,2025-02-01
watch_1000,GPS tracking is very accurate,5,2025-01-09
